"X","Y","Name","Descriptio","treeID","group","id","area_mn_3_100","area_mn_3_500","area_mn_3_1000","clumpy_3_100","clumpy_3_500","clumpy_3_1000","EC_PC_d10_3_100","EC_PC_d10_3_500","EC_PC_d10_3_1000","EC_PC_d100_3_100","EC_PC_d100_3_500","EC_PC_d100_3_1000","EC_PC_d50_3_100","EC_PC_d50_3_500","EC_PC_d50_3_1000","ed_3_100","ed_3_500","ed_3_1000","PCdirect_d10_3_100","PCdirect_d10_3_500","PCdirect_d10_3_1000","PCdirect_d100_3_100","PCdirect_d100_3_500","PCdirect_d100_3_1000","PCdirect_d50_3_100","PCdirect_d50_3_500","PCdirect_d50_3_1000","PCintra_d10_3_100","PCintra_d10_3_500","PCintra_d10_3_1000","PCintra_d100_3_100","PCintra_d100_3_500","PCintra_d100_3_1000","PCintra_d50_3_100","PCintra_d50_3_500","PCintra_d50_3_1000","PCnum_d10_3_100","PCnum_d10_3_500","PCnum_d10_3_1000","PCnum_d100_3_100","PCnum_d100_3_500","PCnum_d100_3_1000","PCnum_d50_3_100","PCnum_d50_3_500","PCnum_d50_3_1000","PCstep_d10_3_100","PCstep_d10_3_500","PCstep_d10_3_1000","PCstep_d100_3_100","PCstep_d100_3_500","PCstep_d100_3_1000","PCstep_d50_3_100","PCstep_d50_3_500","PCstep_d50_3_1000","pd_3_100","pd_3_500","pd_3_1000","pland_3_100","pland_3_500","pland_3_1000","pland_15_100","pland_15_500","pland_15_1000","pland_19_100","pland_19_500","pland_19_1000","pland_21_100","pland_21_500","pland_21_1000","pland_23_100","pland_23_500","pland_23_1000","pland_24_100","pland_24_500","pland_24_1000","pland_25_100","pland_25_500","pland_25_1000","pland_30_100","pland_30_500","pland_30_1000","pland_33_100","pland_33_500","pland_33_1000","pland_36_1000","nearest","mainland50","mainland100","mainland1000"
-48.4784591017384,-1.29566819500427,NA,NA,"001987","tree","001987",0.173450778532882,1.01801261444952,1.16916665403955,0.4745115995116,0.42084078735183,0.488840289464046,7591.10862822829,183390.739798146,465016.554426915,9034.43739175799,205536.068136096,504402.658199815,8331.20711884718,187543.774427451,471491.780375783,436.44092586171,578.142472540371,514.081647733964,0.379870000000005,0.01676,0.01366,29.67495,20.127,14.13423,17.30173,3.81196,2.43323,99.60976,99.98293,99.98568,70.32505,79.59844,84.98062,82.69827,95.60384,97.25824,57624930.2055621,33632163443.7113,216240395891.08,81621058.9855949,42245075304.8457,254422041599.04,69409012.0571299,35172667326.4947,222304498961.926,0.0103700000000047,0.00031,0.00066,0,0.274560000000005,0.88515,0,0.5842,0.30854,193.405450020708,48.4144551619099,40.7494843582347,33.5463258785943,49.2865260765248,47.6429382809542,0,0,0,0,0,0,0,0,0,0,0,2.25924523539063,66.4536741214058,50.7134739234752,46.1946232487694,0,0,0,0,0,0,0,0,3.90319323488578,0,7.06229447492301,1160.30944620769,1160.30944620769,2945.7217055373
-48.4747849994107,-1.41646122734982,NA,NA,"006220","tree","006220",0.966368623254093,1.26165799743067,0.677921796290727,0.471499797870907,0.672869016142503,0.750541843890844,19130.1700716124,422326.916252648,1220109.78887828,19224.7257790657,426608.626658577,1225204.18748522,19175.4453321632,422691.423512967,1220873.64479498,502.22797718655,294.138565494253,249.639738171802,0,0.00113,7e-04,0.98127,1.99066,0.64241,0.47166,0.11676,0.12117,100,99.99885,99.99926,99.01873,98.00162,99.1694,99.52834,99.82646,99.87417,365963406.968814,178360024191.471,1488667896916.59,369590081.280273,181994920339.517,1501125301031.32,367697703.68678,178668039511.419,1490532456554.98,0,2e-05,4e-05,0,0.00772,0.1882,0,0.05678,0.00466,63.4548279418399,52.1905151849157,82.4800602705136,61.3207547169811,65.846580873076,55.915030616754,0,0,0,0,0,0.0410327630831387,0,0,0.732277002714475,0,0,0,38.6792452830189,34.153419126924,41.6861309260779,0,0,1.62552869137049,0,0,0,0,0,0,0,6.73476846560314,873.044315762544,873.044315762544,3118.93342587216
-48.5532266925079,-1.22246348534079,NA,NA,"007315","tree","007315",0.0507962994270062,0.0949414787752117,0.116341425939165,0.48325104846844,0.454807118634791,0.490572307089903,1936.36183447978,20766.4046871823,69083.0595746345,3300.83627141236,54990.8016079516,140525.565111092,2807.21819965384,34187.6707711297,91272.2319577326,259.111249377605,361.087218714979,357.096916578899,3.29133,1.95037,0.702880000000005,66.72985,85.07362,73.23483,54.00078,61.54818,40.64515,96.67847,97.93579,99.25294,33.27015,13.96638,23.98699,45.99922,36.13475,56.8603,3749497.1540299,431243563.631827,4772469120.19251,10895520.0906714,3023988261.48509,19747434449.7916,7880474.02046773,1168796832.75516,8330620326.54614,0.0302,0.11384,0.0441800000000047,0,0.96,2.77818,0,2.31707,2.49455,257.052678798533,217.617724132456,193.308791047854,13.0573248407643,20.6609485368315,22.4898203970834,0,0,0,0,0,0,0,0,0,0,0,0,86.9426751592357,79.3390514631685,77.5101796029166,0,0,0,0,0,0,0,0,0,0,13.1333516611907,670.77037696906,882.624593325029,882.624593325029
-48.3814054428289,-1.39020620125394,NA,NA,"002710","tree","002710",0.931678467539235,4.37553414502413,7.91596314975535,0.428027265437049,0.67136953193372,0.772846540713369,14123.7621660131,549148.197082564,2254566.57444471,16531.1231680478,550370.198896624,2255699.15592375,15378.0997033726,549313.43584189,2254725.59571567,554.510384908644,263.316296508846,164.757401415137,0,0.000103333333334391,2e-05,27.0045,0.44346,0.08336,15.64799,0.05152,0.0133,100,99.9998933333333,99.99998,72.9955,99.55632,99.89959,84.35201,99.93974,99.98588,199480657.722103,301563742359.031,5083070438603.34,273278033.197168,302907355833.509,5088178682035.12,236485950.486868,301745250796.422,5083787511975.38,0,3.33333333439138e-06,0,0,0.00022,0.01705,0,0.00874,0.00082,63.6550009012141,16.5544780205303,9.55126315191932,59.3059936908517,72.4346838318819,75.6074471442095,0,0,1.42947301988009,0,1.67865707434053,2.97570211423162,0,4.21557490849426,5.45282423477438,0,0,0.514357841590407,40.6940063091483,19.7904834027515,9.87693278636794,0,1.88060078253187,4.14326285894604,0,0,0,0,0,0,0,7.02565447414092,748.316237711544,748.316237711544,3837.26672944006
-48.4357148295764,-1.3312051986332,NA,NA,"009887","tree","009887",0.381591712768942,0.996686070251426,1.94855105744281,0.492210591817232,0.748736958970888,0.800849473562518,9952.96851586538,154653.104799662,933811.656098128,12875.2568551898,172275.033035318,942552.230177834,11533.9402683097,157807.485591515,934849.193167853,510.250788325704,246.962034472432,197.911267892438,0.38765,0.00805,0.000703333333334391,40.47885,18.80178,1.57023,25.8301,3.53301,0.20028,99.60425,99.99165,99.9992533333333,59.52115,80.58168,98.15321,74.1699,96.03418,99.77741,99061582.2778076,23917582824.1752,872004209064.729,165772239.087113,29678687007.32,888404706613.209,133031778.112936,24903202508.7163,873943013966.587,0.00811,3e-04,4.33333333343914e-05,0,0.61654,0.27656,0,0.43281,0.02231,128.936966681621,43.2963271306195,28.3398854414133,49.2012779552716,43.1528461441373,55.2217137446741,0,8.00201943708191,3.2286570932618,0,0,0,0,1.08544743152846,2.19977907527221,0,0,0,50.7987220447284,47.7596869872523,37.5414233864605,0,0,0.867918573457472,0,0,0,0,0,0.940508126873915,0,20.2296676300064,1492.92378987164,1492.92378987164,4551.90835384782
-48.4118843469245,-1.40731623980492,NA,NA,"000085","tree","000085",2.01202903096239,0.37134985727548,0.266289903063698,0.45418586253432,0.501032716436815,0.538431460001007,20021.4209110642,158236.069153893,199515.970740083,20062.8672477019,186886.866224848,267332.193720398,20038.7809119746,165334.877521303,215319.276998212,510.14955411594,496.711775443907,416.398991440152,0,0.01778,0.05993,0.41274,28.2077,42.35915,0.17319,7.79954,12.93849,100,99.98113,99.93649,99.58726,71.67562,55.66432,99.82681,91.57988,85.8052,400857295.297998,25038653581.2757,39806622580.3576,402518642.198911,34926700767.3443,71466501799.3602,401552740.438116,27335621724.9844,46362391047.0325,0,0.00109,0.00358,0,0.11668,1.97654,0,0.62058,1.25631,31.827500450607,114.636862498855,126.753422406642,64.0378548895899,42.5703825274586,33.7531565656566,0,0,0,0,0,0.160984848484848,0,0,0,0,0,0,35.9621451104101,57.4296174725413,62.3358585858586,0,0,3.67424242424242,0,0,0,0,0,0.0757575757575758,0,8.03167542212958,514.757215700945,514.757215700945,3971.95281818886
-48.3906478688604,-1.4085409669644,NA,NA,"005877","tree","005877",0.0619467066179333,0.816752577547042,0.333686259651315,0.566101694915254,0.830217703935797,0.67906076040853,1457.15623028934,251479.713517594,576070.156570618,2148.88197876441,255211.3687654,591268.621249622,1922.6400999193,251923.247557231,579202.145367548,138.112693727331,176.039980884621,299.084216105667,5.05236,0.00328,0.00711,56.38809,2.80905,4.63248333333333,45.52035,0.32646,1.02556,94.84579,99.99654,99.99244,43.61191,97.09366,94.9179333333333,54.47965,99.64474,98.91397,2123304.27947104,63242046310.8914,331856825291.297,4617693.75865843,65132842747.1091,349598582474.429,3696544.95381769,63465322659.7817,335475125198.37,0.101850000000005,0.00018,0.00045,0,0.0973,0.449583333333334,0,0.0288,0.06047,126.116470536277,53.5445212280848,108.031543932913,7.8125,43.7326257265605,36.0486418193304,0,0,0.113708149084018,10,3.15895880717716,0.789639924194567,0,0,0,0,0,0,82.1875,51.4910285569876,62.6437144662034,0,1.59211523881729,0.397978521794062,0,0,0,0,0.0252716704574172,0.00631711939355654,0,20.3920793550011,254.316381507956,254.316381507956,2388.68809887077
-48.4387161103723,-1.36445901370938,NA,NA,"007659","tree","007659",0.128849149767284,0.640238983127065,2.48820451521325,0.596691480562448,0.845433569568314,0.897851625216292,2477.25998549568,216986.476102057,1200076.43846692,3319.99006994073,220722.356086554,1202436.97048566,2987.86689915732,217522.902326487,1200172.36327621,208.471990530238,144.146281476943,103.561637357509,0.91136,0.0049,0.000233333333329654,44.83121,3.06801,0.33333,31.88472,0.433073333333334,0.01408,99.08864,99.99496,99.9997533333333,55.16879,96.63863,99.60752,68.11528,99.5023733333333,99.98377,6136817.03573804,47083130811.1884,1440183458163.45,11022334.0645051,48718358476.3995,1445854667990.73,8927348.60708,47316213036.5383,1440413701572.01,0,0.00014,1.33333333296544e-05,0,0.29336,0.05915,0,0.0645533333333344,0.00215,95.1822419127068,59.9037303199275,22.2883906648597,12.2641509433962,38.3527033855483,55.4580742891407,0,0,0.725849717549784,0,0,0.0883643134408433,0,6.10156644770086,3.92590021144318,0,0,0,87.7358490566038,44.4163719050025,33.7141414460189,0,11.1293582617484,4.41190393536782,0,0,0,0,0,1.67576608703885,0,9.85308847237046,2838.07671603001,2838.07671603001,4482.28434367776
-48.3725033802902,-1.36107015427846,NA,NA,"000079","tree","000079",0.0925070818841525,0.347173104270528,1.27827269210666,0.452141602096955,0.756943075667792,0.817284622573406,3378.95831937998,111688.006659359,872395.946857295,6451.99255385961,124991.025036597,880666.815207059,5291.9252649872,114301.810298178,873330.636978176,434.102415612269,211.744691215349,184.628419702933,4.18039,0.0221100000000047,0.00096,73.75821,19.71052,1.64493,60.99199,4.26129,0.18602,95.67876,99.9763,99.99902,26.24179,79.82749,98.12954,39.00801,95.45615,99.78509,11417359.3241072,12474210831.541,761074688093.035,41628207.9150599,15622756339.6993,775574039406.945,28004473.0102098,13064903837.4407,762706401484.706,0.14085,0.00159000000000474,2e-05,0,0.46199,0.22553,0,0.28256,0.0289,286.447504052911,92.9714955725165,41.0769126060824,26.4984227129337,32.2772027265842,52.5074956604071,13.8801261829653,8.11663721282504,4.82878333596339,0,0.416561474375158,3.60107306296355,3.78548895899054,2.24690734662964,3.38961653779391,0,0,0,55.8359621451104,55.6803837414794,34.8556099100521,0,1.26230749810654,0.545999684393246,0,0,0,0,0,0.2714218084267,0,7.55952256372675,299.054453456136,1010.98292657115,4087.85713217854
-48.4924896893436,-1.43282974768991,NA,NA,"006908","tree","006908",0.0768139162074194,0.072531651564726,0.0893373977674205,0.528428819444444,0.435839745718603,0.448967067183794,3060.6150795934,15894.2152108838,35556.9310835809,4858.65327655984,48798.9357391898,112919.286802037,4112.74588225762,29333.626079014,64902.8595932423,293.75598665625,334.015830361126,340.566611140494,1.97819,3.03744,2.73481,61.13206,89.0065533333333,87.26385,45.75502,68.85532,67.37152,97.95032,96.78447,97.0939,38.86794,10.2674633333333,9.62729,54.24498,28.41531,29.14156,9367364.66543452,252626077.169889,1264295348.08252,23606511.6618257,2381336129.27758,12750765331.8808,16914678.692027,860461618.94341,4212381183.38013,0.07149,0.17809,0.17129,0,0.72598333333333,3.10886,0,2.72937,3.48692,253.819311767218,248.28583295683,211.733029300576,19.4968553459119,18.0085815244826,18.9156778591265,0,0,0,0,0,0,0,0,0,0,0,0,80.503144654088,81.9914184755174,81.0843221408735,0,0,0,0,0,0,0,0,0,0,8.40202557718823,2036.33742043246,2125.85414176983,2125.85414176983
-48.482146677974,-1.30825935672878,NA,NA,"008318","tree","008318",1.72459631225444,17.2013614938141,19.2811189240106,0.738577362409138,0.85954126171112,0.93506861888536,0,342442.828550434,1003780.77935832,0,342571.48189701,1004013.816479,0,342456.708580491,1003802.77892504,303.231986227038,144.853923653079,66.0287721848908,0,0,2e-05,0,0.0750933333333344,0.0258333333333344,0,0.00792,0.00438,0,100,99.99998,0,99.9249033333333,99.9535633333333,0,99.99189,99.9956,0,117267090825.622,1007575853009.19,0,117355220209.113,1008043743680.74,0,117276597251.784,1007620018977.63,0,0,0,0,3.33333333439138e-06,0.0206033333333344,0,0.00019,2e-05,31.7274139711849,2.55038363064113,1.91224392257386,54.7169811320755,43.8700707785642,36.8702024828632,0,0,0,7.23270440251572,0.518200202224469,0.47382885301829,0,0.391809908998989,2.90299143949206,0,0,0.499099725179265,7.23270440251572,6.69868554095045,5.56906845247497,15.4088050314465,3.42517694641052,1.47202830337682,0,0,0,15.4088050314465,45.0960566228514,52.2127807435954,0,15.0725875133863,3289.62570696442,3289.62570696442,3289.62570696442
-48.4640276404485,-1.13938899567275,NA,NA,"000577","tree","000577",0.852386683068286,35.4037817665692,25.3956718453128,0.612337889940414,0.904616353919246,0.948145339496462,15695.3801598768,353047.811206683,997240.39294365,16421.0217255203,353195.002626474,997288.968473329,16085.073783021,353069.185526421,997240.395550055,390.974944267067,105.832267748166,52.3038572512489,0.026,0,0,8.66644,0.08333,0.00699,4.81147,0.01211,0,99.974,100,100,91.33356,99.91667,99.99026,95.18853,99.98789,100,246344958.363054,124642756997.83,994488401318.406,269649954.510011,124746709880.315,994585286638.596,258729598.60523,124657849768.29,994488406516.831,0,0,0,0,0,0.00276,0,0,0,63.8564407774482,1.27310001802147,1.27362232370535,54.4303797468354,45.0725552050473,32.3444945876858,0,0,0,0,0.98422712933754,0.441821567204216,0,1.04731861198738,0.621706062423076,0,0.517350157728707,0.504938933947676,15.1898734177215,3.36908517350158,3.82491242465364,6.32911392405063,1.6403785488959,1.00041026288383,0,0,0,24.0506329113924,47.3690851735016,61.2617161612018,0,12.761793693664,3970.93523127799,3970.93523127799,3970.93523127799
-48.4532271572471,-1.46447842900054,NA,NA,"002169","tree","002169",0.528611896476162,0.536596138663993,0.740510930916798,0.561624649859944,0.619446477237901,0.64829627955009,14879.8965399298,92068.8034221071,176751.777744965,15418.8564870774,110206.067363,213661.18298415,15176.6081228353,97195.5348210959,183913.110634865,465.323045957553,291.297297218091,219.898095607297,0.00185,0.10896,0.04838,6.87046,30.26873,30.58268,3.87367,9.59869,6.93335,99.99815,99.88464,99.94972,93.12954,69.71283,68.40028,96.12633,89.6254,92.31744,221411321.039015,8476664563.5786,31241190936.0057,237741135.369088,12145377283.6181,45651101114.1866,230329434.114109,9446971989.15887,33824032263.3921,0,0.0064,0.00191,0,0.01844,1.01704,0,0.77592,0.74921,96.7027250112693,45.8373845458519,25.4724464741253,51.1182108626198,24.5961635537607,18.8626250512829,0,0,0,0,0,0,0,0,0,22.6837060702875,8.60676426047451,4.03004386656989,25.2396166134185,26.8046441191318,20.4058446681604,0,0,0,0,0,0,0.958466453674122,39.992428066633,56.7014864139868,0,4.20033332196157,593.535687951756,593.535687951756,593.535687951756
-48.4019169716975,-1.09884220614173,NA,NA,"000186","tree","000186",0.307255664829506,1.16124097258421,1.83410017725808,0.736064257028113,0.807463086703791,0.831797987649872,6058.98327579307,242334.177744234,1161609.2423962,7953.60354613743,251539.960584924,1166330.4640654,7178.97478235771,243955.64298126,1162263.64883634,296.914653179423,192.272515178393,169.554244507659,0,0.00314,0.00041,41.96745,7.04428,0.70013,28.76808,1.14219,0.107880000000005,100,99.99677,99.99957,58.03255,92.8114,99.19163,71.23192,98.67192,99.88699,36711278.3363401,58725853702.9738,1349336032020.27,63259809.36913,63272351771.0651,1360326751407,51537678.9257279,59514355742.3998,1350856789406.37,0,9e-05,2e-05,0,0.14432,0.10825,0,0.18589,0.00513000000000474,95.1822419127598,39.4661005586609,26.4268292209676,29.2452830188679,45.8296529968454,48.4694521585458,3.77358490566038,16.8454258675079,17.3788184801818,0,0,0.858369098712446,42.4528301886792,17.5772870662461,13.7370613481444,0,0,0,24.5283018867925,19.7476340694006,18.2119414289321,0,0,1.31595556677607,0,0,0,0,0,0.0284019187073971,0,4.96278266014143,646.52275953437,1179.29986257985,1179.29986257985
-48.443759914184,-1.13086130215138,NA,NA,"009507","tree","009507",0.428671209798789,1.29424654653692,1.71573428928694,0.575342465753425,0.702495574642076,0.730606217852145,11264.3322505694,173392.1700074,475048.112605487,14315.8976380648,197089.182011283,506127.431471937,12811.3672303623,177111.816922191,478404.391494211,390.446828660757,296.234546059373,271.100045902542,0.287673333333334,0.01991,0.00419,38.2856,22.2421633333333,10.91198,22.93935,3.20348,1.07117,99.6810833333333,99.97985,99.99572,61.7144,77.3830533333333,88.09208,77.06065,95.82446,98.59759,126885181.051218,30064844619.8753,225670709290.035,204944925.183548,38844145665.8764,256164976888.38,164131130.311202,31368595693.4798,228870761800.947,0.0312433333333344,0.00024,9e-05,0,0.374783333333334,0.99594,0,0.97207,0.331240000000005,126.511819972901,39.5209561444663,27.0747276918614,54.2319749216301,51.1498610058125,46.4530386740331,0,3.86656557998484,8.89976322020521,0,0,2.46882399368587,0,2.27445034116755,10.3930544593528,0,0,0,45.7680250783699,42.7091230730351,28.2651933701657,0,0,2.25414364640884,0,0,1.22178374112076,0,0,0.0441988950276243,0,19.3200824246072,1271.49344130583,1271.49344130583,3950.31205715084
-48.4116466623394,-1.34195254236486,NA,NA,"000338","tree","000338",0.70371458718389,1.68547207649847,3.99889816878427,0.726878612716763,0.803703138286238,0.840426412585689,13492.7151092605,202184.620447555,766452.370654136,13835.2902572579,205830.820409246,774563.284334805,13693.7990953764,202760.846820276,767350.718021687,318.874906151587,188.874226655806,157.794172585367,0,0.00157,0.00022,4.89088,3.25356,1.74727,2.9153,0.55968,0.19223,100,99.99839,99.99978,95.10912,96.48692,97.91643,97.0847,99.43083,99.76577,182053361.019667,40878620745.5221,587449236481.344,191415256.502576,42366326630.3434,599948281439.52,187520133.664532,41111961003.2754,588827124448.398,0,4e-05,1e-05,0,0.259520000000005,0.3363,0,0.00949,0.042,64.0591596370948,24.1919529547653,12.4174257785269,45.0793650793651,40.7748611812216,49.656021206766,15.2380952380952,11.686017163049,9.13910628629134,0,0,0.905705629891441,14.6031746031746,29.8838970217062,28.8942186316587,0,0,0,25.0793650793651,11.648157496214,5.5983337541025,0,6.00706713780919,5.67091643524363,0,0,0.110451906084322,0,0,0.0252461499621308,0,5.75634827845148,3957.05194089082,3957.05194089082,3957.05194089082
-48.3919529450592,-1.35404387625522,NA,NA,"005498","tree","005498",1.05061614424637,0.779087882308249,0.426193341534872,0.850785340314136,0.733304111820164,0.674286562034262,0,194517.265991372,654878.513728302,0,205462.193061393,672088.301626035,0,196388.631212476,658521.570055028,164.250659206343,263.488825029704,317.805615989337,0,0.00936,0.00522,0,10.19147,4.67079,0,1.74824,1.04311,0,99.9898,99.9945,0,89.62067,94.93906,0,98.0933,98.89118,0,37836966768.7581,428865867742.989,0,42214712777.5973,451702685182.568,0,38568494469.51,433650658227.739,0,0.00084,0.00029,0,0.18786,0.39016,0,0.15846,0.06571,31.7274139712026,54.8193907810481,93.9355753394907,33.3333333333333,42.7091230730351,40.0347167429383,0,0.45489006823351,0.113618431434433,0,3.15895880717715,0.789016884961338,0,0,0,0,0,0,66.6666666666667,52.0596411422795,58.4314344326969,0,1.59211523881729,0.62490137288938,0,0,0,0,0.0252716704574172,0.00631213507969071,0,32.6669768058144,450.485315054415,450.485315054415,1559.19885948956
-48.4753053338978,-1.3548551833966,NA,NA,"004679","tree","004679",0.393981054092609,5.9706713707137,2.90939855330408,0.446939212328767,0.631988459916557,0.6900435321236,8728.7199895858,505326.651752429,1948840.19968144,12803.3323171203,514204.246005254,1951047.57665002,11044.4589464869,505372.97178315,1949283.55628287,541.587536529308,261.772692506058,249.844934956203,0.737773333333334,0.00023,0.00019,53.89733,3.41657,0.17962,38.04402,0.01599,0.04338,99.1907133333333,99.99977,99.99979,46.10267,96.57664,99.77364,61.95598,99.98144,99.95431,76190552.6565947,255355024971.321,3797978123894.41,163925318.422617,264406006609.832,3806586646351.92,121980073.420635,255401840608.933,3799706382794.78,0.0715133333333344,0,2e-05,0,0.00679,0.04674,0,0.00257,0.00232,126.511819972875,12.74547453615,24.8568154181923,49.8432601880878,76.0990399191511,72.3183828174352,0,0,1.95830701200253,0,0,0,0,0,2.4131396083386,0,0,0,50.1567398119122,18.911066195048,20.5622236260265,0,0,0,0,0,0,0,4.98989388580091,2.74794693619709,0,33.7769574974808,3592.55629709145,3621.18873409049,3621.18873409049
-48.4640251622887,-1.37145953775974,NA,NA,"000422","tree","000422",0.399762746710097,0.757236541703863,0.468956269467996,0.74168228678538,0.711473142854721,0.697541071455755,7529.30678291951,268828.216204049,697530.605444207,10090.9034321969,280639.159076066,711157.428888278,8987.25813902886,270314.01267201,699582.859333795,296.553662720964,290.553488505704,296.572981764402,0.15566,0.004,0.00676,44.45915,8.16336,3.34066,29.98063,0.96505333333333,0.531643333333334,99.76143,99.99575,99.99299,55.54085,91.75605,96.19768,70.01937,98.8995033333333,99.4071833333333,56690460.6313177,72268609827.4509,486548945531.363,101826332.077923,78758337606.9216,505744888662.986,80770808.8575405,73069665446.8436,489416177073.648,0.08292,0.00025,0.00025,0,0.08059,0.46166,0,0.13544333333333,0.0611733333333344,96.0887394556422,76.3667287207187,90.0974059801166,38.4126984126984,57.8276775577142,42.251743397179,0,0,0.413366570950743,16.1904761904762,0.75690677431563,0.192483670442712,0,0.479374290399899,1.18330125272159,0,0,0,25.7142857142857,38.7788570707708,54.73478274589,19.6825396825397,2.15718430679955,1.22432236281594,0,0,0,0,0,0,0,9.28832054766769,385.930891574597,385.930891574597,385.930891574597
-48.499855649838,-1.46707553977928,NA,NA,"004239","tree","004239",0.201533285531537,0.32388136157148,0.438680677648666,0.557773942249382,0.699392022482316,0.659692228569727,10151.3845527314,76615.7817409129,141452.341295479,11161.035256128,95608.9474571632,201226.880054378,10673.0067097523,80633.5211391345,154875.359637553,448.190789769656,237.760573260229,257.074022662462,0.07477,0.03664,0.05575,17.33692,35.56693,48.77587,9.60446,9.20330333333333,15.35686,99.92404,99.9621,99.94124,82.66308,64.19109,49.38477,90.39554,90.2486233333333,83.36819,103050608.337434,5869978011.7712,20008764857.9728,124568707.988532,9141070833.86659,40492257256.419,113913072.226417,6501764731.29526,23986377022.8613,0.00119,0.00126,0.00301,0,0.24198,1.83936,0,0.548073333333334,1.27496,191.569322332451,79.0119608254229,56.3631240619607,38.6075949367089,25.5905014525704,24.7254134578967,0,0,0,0,2.48831628141973,0.621764928670622,0,0.341038272072755,0.085216513066532,0,0,0,36.0759493670886,47.1895920171782,36.5263224340361,25.3164556962025,9.39749905267147,5.56432268652948,0,0,0,0,14.9930529240874,32.4769599798005,0,15.4781931519807,2192.47682034955,2973.66860827785,2973.66860827785
-48.4093206863732,-1.36875303290617,NA,NA,"001148","tree","001148",0.707018411538692,2.66268808589666,1.9852313445482,0.661963664476227,0.798075600273978,0.838668624893955,21012.8199830843,339315.131625809,898689.372641296,21105.1540416876,341726.516559139,904400.247152298,21055.9210033029,339540.166508696,899220.239478173,306.390652749947,198.964906430793,165.850481277183,0.00028,0.00014,0.00062,0.87336,1.28026,1.0323,0.40926,0.12036,0.10816,99.99972,99.99986,99.99937,99.12664,98.59354,98.74046,99.59074,99.86735,99.88134,441538603.641505,115134758550.24,807642588498.406,445427527.123362,116777012119.643,817939807049.139,443351809.29733,115287524672.753,808597039087.183,0,0,1e-05,0,0.1262,0.22724,0,0.01229,0.01051,95.1822419133621,21.6399697108088,25.7957365319412,67.2955974842767,57.6204895281352,51.2105047189167,0,5.31163260156447,4.90830466210031,0,7.84759020943729,3.49105141883148,0,1.53923795104719,2.00435592310849,0,0,0,32.7044025157233,27.4539490285138,27.1361383794703,0,0.227100681302044,2.10851930178972,0,0,0,0,0,9.14112559578296,0,41.3247080769863,950.938651190062,950.938651190062,950.938651190062
-48.4155249144177,-1.38863076675824,NA,NA,"008967","tree","008967",0.247786826475546,0.12283727266507,0.132694117763363,0.561751152073733,0.591028511682419,0.58597118484913,5309.49635651043,18172.8690467559,72244.4490127911,8231.9448006536,32262.9072790263,101941.510253344,7178.3932600928,23719.9206186305,80676.9988329517,408.753369444931,145.957430057682,149.820383158664,3.46915,1.08548,0.44311,59.87292,68.32059,48.7156,47.22989,40.91982,19.09186,96.45746,98.86995,99.54166,40.12708,31.36926,49.99329,52.77011,58.03431,79.82049,28190751.5597975,330253169.390539,5219260413.16177,67764915.2010078,1040895186.09505,10392071512.7325,51529329.7965457,562634634.154131,6508778140.69209,0.07339,0.04458,0.01523,0,0.310150000000005,1.29111,0,1.04587,1.08766,127.310001801223,77.6983179158907,73.8747575551249,31.5457413249211,9.54424946345159,9.80274577875966,0,0,0,0,0,0,0,0,0,0,0,0,48.8958990536278,41.7119050624921,33.4164431118826,0,0,0,0,0,0,19.5583596214511,48.7438454740563,56.7808111093577,0,3.48714453993871,3054.11855256221,3593.02715889883,3922.99712777395
-48.4319816715505,-1.40309555944126,NA,NA,"007840","tree","007840",0.214087818072965,0.921004573478195,1.09114797821043,0.627252747252747,0.799136836860927,0.82289287193738,6085.02727731332,371146.64768005,1654927.27389191,8680.8032269639,378391.139293507,1658949.43385958,7531.06466356515,372195.487937843,1655354.60574708,322.183985366188,193.808976792053,167.546702401173,0.64757,0.00236000000000474,0.00035,51.21791,3.78817,0.39904,35.18621,0.49731,0.0478433333333391,99.27848,99.99756,99.99963,48.78209,96.20521,99.51531,64.81379,99.43477,99.9480033333333,37027556.9656471,137749834084.139,2738784281871.3,75356344.6652669,143179854295.838,2752113224103.03,56716934.9667996,138529481241.289,2740198870768.06,0.07395,8.0000000004737e-05,2e-05,0,0.00662000000000474,0.08565,0,0.06792,0.00415333333333913,158.637069855925,66.2932167584568,56.9999955202879,33.9622641509434,61.05635582512,62.1954298699659,0,1.66793025018954,1.2056558515339,0,0,0,0,3.29795299469295,2.9762656230274,0,0,0,66.0377358490566,32.9037149355572,29.1314228001515,0,1.01086681829669,0.252493372048984,0,0,0,0,0.0631791761435431,3.20666582502209,1.03206665825022,11.8074847900783,651.642489938167,1221.99595128442,1221.99595128442
-48.4599763791021,-1.1491176568583,NA,NA,"001657","tree","001657",0.0555042491300279,0.797983708722773,3.26209183484037,0.610232913325697,0.836216114208688,0.861776237299241,1472.73076371163,185773.354656744,1266091.54616964,2309.68311734061,194878.430003774,1272454.18502518,2007.91630896828,186937.196703408,1266461.87712745,157.438237363194,154.512168783926,135.020133496045,2.97005,0.00322,0.00013,60.59191,8.54791,0.872740000000005,47.85665,1.04268,0.03132,96.92671,99.99663,99.99987,39.40809,90.87087,99.00231,52.14335,98.75538,99.9414,2168935.90238264,34511739300.4206,1602987803282.23,5334636.10252823,37977602480.736,1619139652988.1,4031727.90382078,34945515511.3286,1603925686217.18,0.10324,0.00015,0,0,0.58122,0.124950000000005,0,0.20194,0.02729,158.139774966094,57.3401482606149,18.1508365623263,8.77742946708464,45.7565041677191,59.2096957454867,0,0,0.378740058073476,0,6.2768375852488,3.01729579598536,0,0.467289719626168,5.87993940159071,0,0,0,88.7147335423198,28.7446324829502,11.901906324959,0,13.8545087143218,14.628834743088,2.50783699059561,4.90022733013387,4.98358793081682,0,0,0,0,19.4065561588582,427.538977053279,1024.88951317838,1024.88951317838
-48.4719639664774,-1.46232847140655,NA,NA,"001783","tree","001783",0.867253892656686,3.89597133317333,25.5666447555614,0.719867620369382,0.867892044227033,0.912490151688747,16558.6872366195,474546.298491103,1991205.46012763,17039.9849527188,476331.386552061,1993870.07427381,16852.596440968,474820.550811167,1991785.15269823,304.47571117051,117.611553581744,81.432090252505,0,3e-04,0.0059,5.56926,0.748380000000005,0.27089,3.45758,0.106850000000005,0.06217,100,99.9997,99.9941,94.43074,99.25159,99.72701,96.54242,99.88421,99.9359,274190123.000187,225194189411.607,3964899184442.09,290361087.188883,226891589814.609,3975517873084.63,284010006.802127,225454555472.62,3967208094509.1,0,0,0,0,3.0000000004737e-05,0.0021,0,0.00894000000000474,0.00193,63.05823526773,16.5670240440334,2.54812921904789,54.6875,64.5446507515473,65.1471145346635,29.0625,10.7995452823039,7.01161762848845,0,0.467348743210812,0.280969819421644,7.5,12.7068333964886,9.85288546533653,0,0,0,8.75,11.0647972716938,5.39209496148504,0,0.416824554755589,0.287283747947973,0,0,0,0,0,12.0280338426569,0,7.3910537665226,1114.36843259513,1114.36843259513,4470.30087006469
-48.4146171416209,-1.32237247371295,NA,NA,"001866","tree","001866",0.14867209588392,1.04847312304672,1.3417459997342,0.595877529526819,0.729670974123167,0.792339904272059,6230.31544304733,201173.163596428,863637.409635797,8436.95770453456,215604.196468502,869714.561886136,7389.6461139574,202938.430108026,864172.324445539,336.937756848131,274.865014917729,206.818400198971,0.58948,0.00236,0.000503333333329654,45.80421,12.83283,1.16571,29.3536,1.29739,0.1088,99.38418,99.99758,99.9994733333333,54.19579,87.05929,98.60686,70.6464,98.26548,99.87572,38816830.519874,40470641751.3953,745869575322.429,71182255.308105,46485169534.8285,756403419156.793,54606869.6895257,41184006414.7102,746793806337.605,0.02635,7e-05,2.33333333296544e-05,0,0.10788,0.22743,0,0.43713,0.01549,223.497542721193,47.1403905523879,40.1153052380983,33.2278481012658,49.4254325041041,53.8245503313348,7.27848101265823,6.3391842404344,4.31366361628274,0,0.214673569895189,2.1173871883875,12.3417721518987,6.14976638464453,2.57810034711265,0,0,0,47.1518987341772,37.8709433009218,36.0239823288104,0,0,1.12969390975071,0,0,0,0,0,0.012622278321237,0,19.2956171254887,1356.75352665082,1356.75352665082,1356.75352665082
-48.4519855631717,-1.25295039295289,NA,NA,"003428","tree","003428",0.13215297411904,0.361237794880658,0.599966682799591,0.489149489209938,0.621621394736797,0.672186212039701,4269.57548181423,56581.9435789013,307006.821572832,6567.56595163283,86352.0449786621,336101.895523172,5707.73939561537,65709.7886156294,312997.812948795,381.885810130702,293.56338017689,284.519787404798,1.74624,0.143080000000005,0.04367,58.59418,56.6768,15.5010333333333,45.17962,24.81235,3.56102,97.97176,99.84682,99.95562,41.40582,42.86913,83.3990933333333,54.82038,74.03376,96.1658,18229274.7949092,3201516339.16597,94253188492.2525,43132922.5290468,7456675671.99689,112964484174.269,32578289.0082597,4317776319.9107,97967630910.729,0.282,0.0101000000000047,0.00071,0,0.45407,1.09987333333333,0,1.15389,0.27318,193.405450022539,71.3296033326508,53.8020535666848,25.5591054313099,25.7669486175988,32.2794396062098,1.91693290734824,13.6346420906451,12.1607976776474,0,0.479737406893069,0.160923892464975,0,10.9708370155283,13.6501325255585,0,0,0,72.5239616613419,49.1478348693347,38.8362993815474,0,0,2.91240691657201,0,0,0,0,0,0,0,9.31530831286662,740.069657637414,740.069657637414,3512.83442213198
-48.46495090961,-1.29167203615172,NA,NA,"002068","tree","002068",0.966368623246021,6.66271244518302,15.2399911029199,0.495000228300078,0.822984297687407,0.778972204718389,13455.353132383,596976.886414054,2733684.49500621,16602.5579412214,597601.426374563,2733747.07303839,15095.0616927249,597226.57461071,2733685.02242029,467.262738270337,124.558119358193,95.3515167344313,0.06687,0.00278,0,34.37777,0.21168,0.00410000000000474,20.61633,0.0859533333333344,4e-05,99.91041,99.99722,100,65.62223,99.78832,99.99542,79.38367,99.9136233333333,99.99996,181046527.917129,356381402912.618,7473030918237.38,275644930.191615,357127464804.912,7473373059345.97,227860887.50717,356679581421.242,7473033801805.04,0.02272,0,0,0,0,0.000480000000004737,0,0.000423333333334391,0,63.8564407774482,11.4665814857155,5.7313004566782,61.7088607594937,76.3985351685819,87.3449679679364,15.8227848101266,4.83646925116808,1.56215482690062,0,0,0,18.0379746835443,11.0872584922339,4.22255183513744,0,0.176789998737214,0.0473380250575946,3.79746835443038,5.36683924737972,6.22021649256793,0.632911392405063,2.13410784189923,0.602770852400038,0,0,0,0,0,0,0,5.60491002409411,577.457978923563,577.457978923563,3169.52597973603
-48.4813671253754,-1.32660737806939,NA,NA,"005721","tree","005721",0.677283992366494,17.0997688949534,10.9673057679667,0.421259842519685,0.719842657436475,0.902937969273678,15584.5081250664,677955.100258376,2048643.31633929,18053.202387514,678702.442480969,2049107.97067659,16839.9314914135,678048.217797868,2048688.60774952,475.123610163544,125.715405846744,93.2881177016357,0.02625,3e-05,1e-05,25.49873,0.22013,0.0442,14.37679,0.02608,0.00206,99.97375,99.99997,99.99999,74.50127,99.77987,99.95464,85.62321,99.97251,99.99557,242876893.500262,459623117966.345,4196939437581.63,325918116.444539,460637005429.633,4198843475490.33,283583292.635501,459749385658.865,4197125011522.67,0,0,0,0,0,0.00116,0,0.00141,0.00238,96.0887394547326,5.09175757901596,6.04951512287233,65.0793650793651,87.0678778703003,66.3468821004797,0,0,1.82719010350921,0,0,0,0,0,1.17079020449381,0,3.22987635629574,3.54077253218884,34.9206349206349,8.69290941206157,8.39434486240848,0,0,0.568038374147942,0,0,0,0,1.00933636134242,18.151981822772,0,14.1338314922669,3406.23734376866,3406.23734376866,3406.23734376866
-48.4175758594121,-1.10715589158682,NA,NA,"003333","tree","003333",0.847430946538347,1.20699716362383,2.06233726543272,0.570469798657718,0.769842000793966,0.803187594768673,14600.8479484101,112005.134938505,519947.162849586,15605.5797601193,122030.787088612,536101.427564036,15020.6497255961,113362.107583728,521957.190758921,426.893780610422,192.974296653527,192.374337874899,0,0.00322,0.00241000000000474,12.46206,15.64309,5.25469,5.51155,2.20911,0.64601,100,99.99678,99.99756,87.53794,84.24091,94.06193,94.48845,97.61713,99.22887,213184760.812591,12545150252.5928,270345052155.334,243534119.649446,14891512997.4661,287404740636.197,225619918.179051,12850967435.8246,272439308984.945,0,0,3.0000000004737e-05,0,0.116,0.68338,0,0.17376,0.12512,63.0582352677652,22.938956368659,21.0207388227201,53.4375,27.6872552734622,43.351853021024,24.6875,16.2687886825818,11.8126144327293,0,0,0,0.9375,36.5542503473538,23.6599532798788,0,0,0,11.25,10.3700896804345,17.0907254245849,9.6875,8.79120879120879,3.87019382536776,0,0,0,0,0.328407224958949,0.214660016415178,0,6.8202163252612,3240.5123770763,3240.5123770763,3240.5123770763
-48.4215080961844,-1.40401539540096,NA,NA,"004051","tree","004051",1.22902265930708,4.64104725985579,17.6903274980492,0.802901554404145,0.901201836299765,0.96382582595799,0,178973.19110951,1054394.42498937,0,179758.819139884,1054663.9075183,0,179088.068476274,1054410.20073804,250.321830901608,78.2610587005956,35.5949522488037,0,1e-05,0,0,0.87218,0.05073,0,0.12785,0.00144,0,99.99999,100,0,99.12781,99.9489,0,99.87174,99.99701,0,32031403135.9213,1111747603448.66,0,32313233058.5656,1112315957821.77,0,32072536270.5625,1111780871420.43,0,0,0,0,1e-05,0.00037,0,0.00041,0.00156,31.827500450607,5.09625843809306,1.91025263038563,39.1167192429022,23.6519762596287,33.7929946355317,0,0.315696426316454,0.0788892395077311,0,0.0505114282106327,0.012622278321237,0,1.19964642000253,0.820448090880404,47.3186119873817,8.59957065286021,4.39255285579047,0.315457413249211,7.94292208612198,2.03218680971915,0,0,0.0852003786683496,0,0,0,13.2492113564669,58.2396767268595,58.7851057115809,0,8.01474354130402,625.869818805516,625.869818805516,625.869818805516
-48.4300327417705,-1.39560906548168,NA,NA,"004407","tree","004407",0.0566369889081602,0.380960982665866,0.427377731397181,0.658541823257812,0.769173405420522,0.680172634066678,2612.77998382977,91823.5168684056,141926.325131023,3507.15074125233,104556.546189712,191731.091811131,3203.96979270217,94267.9674705838,152299.584504917,180.043991822348,188.620704203918,220.59548037066,2.37859,0.0192133333333344,0.04676,45.85015,22.67974,43.70497,35.11725,4.61086,12.06489,97.56643,99.9798633333333,99.95086,54.14985,77.11128,54.76806,64.88275,94.86196,86.79906,6826619.2439015,8431558250.08237,20143081765.1968,12300106.3218668,10932071351.1215,36760811567.0885,10265422.432548,8886449691.03505,23195163440.3704,0.05498,0.000923333333334391,0.00238,0,0.208980000000005,1.52697,0,0.52718,1.13605,222.091897798418,70.0293375006364,50.6264873673309,12.5786163522013,26.678445229682,21.6366333196579,0,0,0,25.1572327044025,2.24634023220596,0.782655347618897,0,0.340737001514387,0.0852084451036703,0,0,0,3.77358490566038,28.3064109035841,32.4801969261842,58.4905660377358,14.8283695103483,7.29636759554391,0,0,0,0,27.5996971226653,37.7189383658914,0,5.0165261509657,1585.42649065882,1585.42649065882,1585.42649065882
-48.4742165277774,-1.43861899324966,NA,NA,"007854","tree","007854",2.69592067202843,13.1624362222855,28.5747768289527,0.621203097081596,0.687911680995901,0.856371581073304,0,635324.3361965,2558351.86302699,0,636282.52079431,2558771.1245875,0,635391.427519775,2558366.85642895,154.774659636774,160.301727366347,88.8009698642183,0,3e-04,1e-05,0,0.30127,0.0309733333333344,0,0.01471,0.000920000000004737,0,99.99969,99.99999,0,99.69873,99.9672233333333,0,99.97857,99.99882,0,403637012163.524,6545164255053.65,0,404855446268.361,6547309668022.76,0,403722266165.618,6545240972074.13,0,1e-05,0,0,0,0.00180333333333439,0,0.00672,0.000260000000004737,31.7274139712026,6.37434776523889,2.86601201860244,85.5345911949686,83.9019459186252,81.8956538206609,0,3.13368713671974,0.782754158381467,0,0,0.965817630906164,0,2.29972201162497,1.45503897989458,0,0,0,14.4654088050314,10.6646449330301,5.93693778998201,0,0,0.419783480099738,0,0,0,0,0,8.54401414007512,0,10.1673898067556,2587.78306571201,2782.87976651878,4024.3049309845
-48.406930848131,-1.38855577410362,NA,NA,"006091","tree","006091",0.956457150186555,64.5236896137959,27.297187951654,0.526181608583843,0.902259459064077,0.867050829185748,18737.3984230775,645137.789023477,2608340.94738334,18942.7762903796,645158.058095488,2608776.72070914,18847.5300597717,645141.934188081,2608402.54447344,443.975829364246,55.4086407551565,58.1585547064291,0.02233,0,1e-04,2.1785,0.00628,0.01609,1.18732,0.00129,0.00475,99.97767,100,99.9999,97.8215,99.99372,99.96649,98.81268,99.99871,99.99517,351090099.665149,416202766826.101,6803442497796.63,358828773.587367,416228919925.542,6805715978513.93,355229389.353997,416208115247.938,6803763834015.52,0,0,0,0,0,0.01742,0,0,8e-05,63.2559099864729,1.27358213113042,3.18526208139546,60.5015673981191,82.1762181267357,86.9486977111287,0,10.4645291593032,5.57221783741121,0,0,0.35043409629045,0,2.6634688210048,2.70876085240726,0,0,0,39.4984326018809,4.43069931835395,3.40962904498816,0,0,0.363062352012628,0,0,0,0,0.265084574602373,0.647198105761641,0,7.26375349685432,344.666409665714,344.666409665714,1536.07565676284
-48.4752153457199,-1.41685300811694,NA,NA,"006222","tree","006222",0.0852386683068286,0.0886889829850343,0.195433457929096,0.4349376114082,0.401822680726331,0.590611625251876,3295.58579164151,24958.2791984977,441327.059552231,6671.79871321423,65577.7689694922,461780.956024842,5481.527691274,40894.9405170283,445468.003705075,475.294615635826,438.958156280086,370.825316195362,5.61394,2.0239,0.01787,77.00368,85.0695,8.11664,65.93245,61.11824,1.73999,94.24946,97.79482,99.98089,22.99632,14.1655,91.32004,34.06755,36.42554,98.13074,10860885.7100694,622915700.550163,194769573493.018,44512898.0696471,4300443783.0161,213241651347.217,30047145.8302037,1672396159.89128,198441742324.985,0.1366,0.18128,0.00124,0,0.765,0.56332,0,2.45622,0.12927,318.275004505893,269.999411799792,176.111633360043,27.1293375394322,23.945973239081,34.4181054890944,0,0,0.817524699346612,0,0,0,0,0,0.738613048830529,0,0,0,72.8706624605678,76.0161575359758,63.4354976168682,0,0,0,0,0,0,0,0.0378692249431962,0.590259145860295,0,326.889307110937,412.047818642444,412.047818642444,412.047818642444
-48.4626385085777,-1.46662713318619,NA,NA,"009118","tree","009118",0.541827193888368,1.76737214335381,2.14737190446151,0.547201662121802,0.737710707551675,0.781912370155863,9632.09164027341,198412.450600602,630494.941131423,13138.3149695001,206899.702557979,643836.821401569,11481.0991821787,199930.113644354,632496.479215251,415.090630988619,261.569150874677,210.717045903869,0.08293,0.00312000000000474,0.00288,46.29867,7.93003,3.80825333333333,29.677,1.4398,0.52472,99.91326,99.9968,99.99705,53.70133,91.96111,95.8956233333333,70.323,98.48441,99.36517,92777189.366625,39367500553.3363,397523870792.316,172615320.237792,42807486918.5802,414525852592.475,131815638.431025,39972050341.8442,400051796219.689,0.00381,8.0000000004737e-05,7e-05,0,0.10887,0.296123333333334,0,0.07579,0.11011,95.4825013517679,24.1858485003258,18.4657754270607,51.7350157728707,42.7453949028514,39.652887346166,0,0.365884430986626,4.08330703692016,0,0,0,0,0,1.55254023351215,23.9747634069401,9.21019429724956,3.67939413064058,23.9747634069401,23.6437042644461,19.0754181129694,0,0.60560181680545,0.299779110129378,0,1.09765329295988,0.290312401388451,0.315457413249211,22.331566994701,31.3663616282739,0,18.8415972246605,40.3063713279753,40.3063713279753,40.3063713279753
-48.4564144620721,-1.14092516731294,NA,NA,"007444","tree","007444",0.376635976239265,0.439121349872641,0.434485292852164,0.74503515480449,0.78886660717456,0.688655103405292,6534.05921280091,89335.8655476265,144147.774496261,7097.35571430154,101815.62202457,191917.432306117,6847.69844020548,91656.5898905857,153905.029284016,180.043991822343,172.627004398797,211.40434012313,0,0.0137700000000047,0.04048,15.24351,22.9137,42.1998933333333,8.95064,4.40871,11.3014,100,99.98522,99.95713,84.75649,76.97659,56.3898333333333,91.04936,94.98612,87.68475,42693929.7963885,7980896873.1436,20778580892.2249,50372458.1353287,10366420888.2501,36832300822.9728,46890973.9279926,8400930470.37102,23686758038.9137,0,0.00101000000000474,0.00239,0,0.10971,1.41027333333333,0,0.60517,1.01385,63.4548279424052,58.5626008289831,48.7237421675206,23.8993710691824,25.7160883280757,21.1697493845086,0,0,0,0,1.07255520504732,0.782778864970646,0,0.0126182965299685,0.0852218925572881,0,0,0,6.91823899371069,26.6624605678233,31.7404204280033,69.1823899371069,17.2870662460568,8.38962186730636,0,0,0,0,29.2492113564669,37.8322075626539,0,4.65149141143256,4577.36440316339,4577.36440316339,4577.36440316339
-48.4366189476411,-1.36669580333561,NA,NA,"007694","tree","007694",0.55834631565792,1.23315243975163,3.085111180816,0.514326277749097,0.77487774365973,0.838354099169359,11106.5460133171,156566.938435252,589469.782725744,14436.3090457862,164381.135022637,604986.010726343,13050.2971516133,157497.630352794,591664.857678347,486.434644570726,213.627661930951,163.303747151223,0.64994,0.00284,0.00045,41.29058,9.08797,4.11684333333333,28.15785,0.974273333333334,0.68028,99.18868,99.99714,99.99954,58.70942,90.71597,94.9358933333333,71.84215,98.8188133333333,99.25892,123355364.345931,24513206210.9879,347474624746.736,208407018.865448,27021157551.3305,366008073174.574,170310255.745405,24805503566.7454,350067303811.539,0.16138,2e-05,1e-05,0,0.19606,0.947263333333334,0,0.206913333333334,0.0608,95.1822419127598,30.5814124056029,14.3300600930114,53.1446540880503,37.71154331902,44.2098286147145,2.83018867924528,16.228845668098,8.8249218823975,0,0,2.61023261686078,0,25.119979792877,29.3690622731433,0,0,0,44.0251572327044,13.0967416014145,6.66603541331313,0,7.84288961859055,7.46141463876527,0,0,0.814316826058138,0,0,0.0441877347473408,0,13.2070428006462,63.7400319219076,63.7400319219076,63.7400319219076
-48.4281915157951,-1.39655989387478,NA,NA,"008006","tree","008006",0.114973087484654,1.15811750588807,2.63110278472824,0.571317829457364,0.770277680439629,0.817613876615728,4303.94458594359,160264.638007966,763255.395146263,5177.03639621619,169819.069403167,773424.447343638,4837.10253638018,161805.511513603,764270.793252457,301.972517928522,214.32618534389,180.708864057852,1.80444,0.00445,4e-04,32.19126,10.52111,2.25993,22.32566,1.68263,0.23358,98.11034,99.99547,99.99959,67.80874,89.06003,97.38727,77.67434,98.10003,99.73405,18523938.9988732,25684754195.8245,582558798219.879,26801705.8477471,28838516332.9578,598185375748.812,23397560.9474555,26181023556.1787,584109845418.739,0.08522,8e-05,1e-05,0,0.41886,0.3528,0,0.21734,0.03237,159.641101942198,33.1006004685581,20.0620841302171,18.3544303797468,38.3343848580442,52.7854054224663,0,2.22082018927445,2.58498248271944,11.0759493670886,4.90851735015773,5.24571536786289,0,12.5930599369085,9.54139443865796,0,0,0,0,12.5173501577287,12.1453145219834,70.5696202531646,29.2492113564669,15.1879556860146,0,0.0630914826498423,2.45241927847742,0,0.113564668769716,0.0568128018180097,0,15.7684077291753,900.260957294705,900.260957294705,3459.80511843366
-48.3847597670314,-1.09656233049159,NA,NA,"009423","tree","009423",0.163539305472313,5.09350600499709,5.90214826777957,0.648570933656678,0.867387645379379,0.838486923835225,5964.10168715681,470490.44551964,1909723.794993,6334.64812837439,472123.616582744,1912542.01667361,6200.9804971977,470669.963743387,1910027.69326827,294.682661694302,112.606601121818,139.720894859427,0.1899,0.00120000000000474,9e-05,11.5252,0.68188,0.26162,7.66979,0.05956,0.02961,99.8101,99.99877,99.99991,88.4748,99.30813,99.70542,92.33021,99.9225,99.96809,35570508.9347467,221361259325.27,3647044973162.48,40127766.9103172,222900709335.169,3657816965541.98,38452159.1266262,221530214770.201,3648205789051.7,0,3.0000000004737e-05,0,0,0.00999,0.03296,0,0.01794,0.0023,127.310001802428,12.737429166538,11.7828657529305,20.820189274448,64.8781719479864,69.5442206931381,44.1640378548896,16.525691200606,5.31847736885298,0,0,0,22.397476340694,6.62795101628582,4.36841108515877,0,0,3.10902089514551,3.78548895899054,11.0718343643479,12.9063821728426,8.83280757097792,0.353490720868577,0.665993308503251,0,0,0.290385707972981,0,0.542860749905315,3.79710876838583,0,9.82382185475981,205.939566774049,206.627611482345,2491.83429615
